0_1	PLAUSIBLE
0_2	PLAUSIBLE
0_3	IMPLAUSIBLE
0_4	IMPLAUSIBLE
0_5	IMPLAUSIBLE
1_1	IMPLAUSIBLE
1_2	PLAUSIBLE
1_3	PLAUSIBLE
1_4	NEUTRAL
1_5	NEUTRAL
2_1	PLAUSIBLE
2_2	NEUTRAL
2_3	NEUTRAL
2_4	IMPLAUSIBLE
2_5	PLAUSIBLE
3_1	PLAUSIBLE
3_2	PLAUSIBLE
3_3	NEUTRAL
3_4	NEUTRAL
3_5	IMPLAUSIBLE
4_1	IMPLAUSIBLE
4_2	IMPLAUSIBLE
4_3	IMPLAUSIBLE
4_4	IMPLAUSIBLE
4_5	PLAUSIBLE
5_1	PLAUSIBLE
5_2	PLAUSIBLE
5_3	IMPLAUSIBLE
5_4	NEUTRAL
5_5	IMPLAUSIBLE
6_1	PLAUSIBLE
6_2	PLAUSIBLE
6_3	PLAUSIBLE
6_4	IMPLAUSIBLE
6_5	PLAUSIBLE
7_1	PLAUSIBLE
7_2	NEUTRAL
7_3	IMPLAUSIBLE
7_4	IMPLAUSIBLE
7_5	PLAUSIBLE
8_1	IMPLAUSIBLE
8_2	NEUTRAL
8_3	PLAUSIBLE
8_4	PLAUSIBLE
8_5	IMPLAUSIBLE
9_1	PLAUSIBLE
9_2	IMPLAUSIBLE
9_3	IMPLAUSIBLE
9_4	PLAUSIBLE
9_5	PLAUSIBLE
10_1	PLAUSIBLE
10_2	PLAUSIBLE
10_3	PLAUSIBLE
10_4	IMPLAUSIBLE
10_5	IMPLAUSIBLE
11_1	PLAUSIBLE
11_2	PLAUSIBLE
11_3	NEUTRAL
11_4	PLAUSIBLE
11_5	PLAUSIBLE
12_1	IMPLAUSIBLE
12_2	IMPLAUSIBLE
12_3	PLAUSIBLE
12_4	PLAUSIBLE
12_5	PLAUSIBLE
13_1	IMPLAUSIBLE
13_2	PLAUSIBLE
13_3	IMPLAUSIBLE
13_4	PLAUSIBLE
13_5	PLAUSIBLE
14_1	PLAUSIBLE
14_2	IMPLAUSIBLE
14_3	PLAUSIBLE
14_4	PLAUSIBLE
14_5	NEUTRAL
15_1	PLAUSIBLE
15_2	PLAUSIBLE
15_3	PLAUSIBLE
15_4	PLAUSIBLE
15_5	IMPLAUSIBLE
16_1	NEUTRAL
16_2	IMPLAUSIBLE
16_3	NEUTRAL
16_4	PLAUSIBLE
16_5	PLAUSIBLE
17_1	PLAUSIBLE
17_2	NEUTRAL
17_3	PLAUSIBLE
17_4	PLAUSIBLE
17_5	PLAUSIBLE
18_1	IMPLAUSIBLE
18_2	PLAUSIBLE
18_3	PLAUSIBLE
18_4	PLAUSIBLE
18_5	PLAUSIBLE
19_1	PLAUSIBLE
19_2	NEUTRAL
19_3	IMPLAUSIBLE
19_4	PLAUSIBLE
19_5	IMPLAUSIBLE
20_1	PLAUSIBLE
20_2	IMPLAUSIBLE
20_3	PLAUSIBLE
20_4	IMPLAUSIBLE
20_5	IMPLAUSIBLE
21_1	PLAUSIBLE
21_2	IMPLAUSIBLE
21_3	IMPLAUSIBLE
21_4	IMPLAUSIBLE
21_5	PLAUSIBLE
22_1	PLAUSIBLE
22_2	PLAUSIBLE
22_3	IMPLAUSIBLE
22_4	PLAUSIBLE
22_5	PLAUSIBLE
23_1	IMPLAUSIBLE
23_2	PLAUSIBLE
23_3	IMPLAUSIBLE
23_4	PLAUSIBLE
23_5	PLAUSIBLE
24_1	IMPLAUSIBLE
24_2	IMPLAUSIBLE
24_3	IMPLAUSIBLE
24_4	IMPLAUSIBLE
24_5	PLAUSIBLE
25_1	IMPLAUSIBLE
25_2	PLAUSIBLE
25_3	IMPLAUSIBLE
25_4	IMPLAUSIBLE
25_5	PLAUSIBLE
26_1	PLAUSIBLE
26_2	PLAUSIBLE
26_3	PLAUSIBLE
26_4	IMPLAUSIBLE
26_5	PLAUSIBLE
27_1	PLAUSIBLE
27_2	NEUTRAL
27_3	PLAUSIBLE
27_4	PLAUSIBLE
27_5	PLAUSIBLE
28_1	IMPLAUSIBLE
28_2	PLAUSIBLE
28_3	IMPLAUSIBLE
28_4	IMPLAUSIBLE
28_5	IMPLAUSIBLE
29_1	IMPLAUSIBLE
29_2	IMPLAUSIBLE
29_3	NEUTRAL
29_4	IMPLAUSIBLE
29_5	PLAUSIBLE
30_1	IMPLAUSIBLE
30_2	NEUTRAL
30_3	PLAUSIBLE
30_4	PLAUSIBLE
30_5	IMPLAUSIBLE
31_1	PLAUSIBLE
31_2	PLAUSIBLE
31_3	PLAUSIBLE
31_4	PLAUSIBLE
31_5	IMPLAUSIBLE
32_1	PLAUSIBLE
32_2	PLAUSIBLE
32_3	IMPLAUSIBLE
32_4	NEUTRAL
32_5	PLAUSIBLE
33_1	NEUTRAL
33_2	PLAUSIBLE
33_3	PLAUSIBLE
33_4	PLAUSIBLE
33_5	PLAUSIBLE
34_1	IMPLAUSIBLE
34_2	IMPLAUSIBLE
34_3	NEUTRAL
34_4	PLAUSIBLE
34_5	IMPLAUSIBLE
35_1	NEUTRAL
35_2	PLAUSIBLE
35_3	PLAUSIBLE
35_4	NEUTRAL
35_5	NEUTRAL
36_1	IMPLAUSIBLE
36_2	IMPLAUSIBLE
36_3	IMPLAUSIBLE
36_4	IMPLAUSIBLE
36_5	PLAUSIBLE
37_1	IMPLAUSIBLE
37_2	NEUTRAL
37_3	PLAUSIBLE
37_4	NEUTRAL
37_5	PLAUSIBLE
38_1	NEUTRAL
38_2	IMPLAUSIBLE
38_3	NEUTRAL
38_4	IMPLAUSIBLE
38_5	PLAUSIBLE
39_1	IMPLAUSIBLE
39_2	IMPLAUSIBLE
39_3	IMPLAUSIBLE
39_4	PLAUSIBLE
39_5	IMPLAUSIBLE
40_1	IMPLAUSIBLE
40_2	IMPLAUSIBLE
40_3	IMPLAUSIBLE
40_4	PLAUSIBLE
40_5	IMPLAUSIBLE
41_1	IMPLAUSIBLE
41_2	IMPLAUSIBLE
41_3	PLAUSIBLE
41_4	IMPLAUSIBLE
41_5	IMPLAUSIBLE
42_1	IMPLAUSIBLE
42_2	NEUTRAL
42_3	PLAUSIBLE
42_4	PLAUSIBLE
42_5	IMPLAUSIBLE
43_1	NEUTRAL
43_2	IMPLAUSIBLE
43_3	IMPLAUSIBLE
43_4	PLAUSIBLE
43_5	IMPLAUSIBLE
44_1	PLAUSIBLE
44_2	PLAUSIBLE
44_3	PLAUSIBLE
44_4	IMPLAUSIBLE
44_5	PLAUSIBLE
45_1	NEUTRAL
45_2	IMPLAUSIBLE
45_3	IMPLAUSIBLE
45_4	PLAUSIBLE
45_5	PLAUSIBLE
46_1	IMPLAUSIBLE
46_2	IMPLAUSIBLE
46_3	IMPLAUSIBLE
46_4	PLAUSIBLE
46_5	PLAUSIBLE
47_1	NEUTRAL
47_2	IMPLAUSIBLE
47_3	PLAUSIBLE
47_4	PLAUSIBLE
47_5	PLAUSIBLE
48_1	IMPLAUSIBLE
48_2	PLAUSIBLE
48_3	IMPLAUSIBLE
48_4	IMPLAUSIBLE
48_5	IMPLAUSIBLE
49_1	PLAUSIBLE
49_2	IMPLAUSIBLE
49_3	IMPLAUSIBLE
49_4	PLAUSIBLE
49_5	IMPLAUSIBLE
50_1	PLAUSIBLE
50_2	PLAUSIBLE
50_3	IMPLAUSIBLE
50_4	NEUTRAL
50_5	PLAUSIBLE
51_1	PLAUSIBLE
51_2	PLAUSIBLE
51_3	PLAUSIBLE
51_4	IMPLAUSIBLE
51_5	IMPLAUSIBLE
52_1	IMPLAUSIBLE
52_2	PLAUSIBLE
52_3	PLAUSIBLE
52_4	NEUTRAL
52_5	PLAUSIBLE
53_1	NEUTRAL
53_2	PLAUSIBLE
53_3	PLAUSIBLE
53_4	PLAUSIBLE
53_5	NEUTRAL
54_1	PLAUSIBLE
54_2	NEUTRAL
54_3	IMPLAUSIBLE
54_4	NEUTRAL
54_5	NEUTRAL
55_1	IMPLAUSIBLE
55_2	IMPLAUSIBLE
55_3	IMPLAUSIBLE
55_4	NEUTRAL
55_5	IMPLAUSIBLE
56_1	PLAUSIBLE
56_2	PLAUSIBLE
56_3	IMPLAUSIBLE
56_4	PLAUSIBLE
56_5	NEUTRAL
57_1	PLAUSIBLE
57_2	IMPLAUSIBLE
57_3	IMPLAUSIBLE
57_4	IMPLAUSIBLE
57_5	IMPLAUSIBLE
58_1	PLAUSIBLE
58_2	IMPLAUSIBLE
58_3	IMPLAUSIBLE
58_4	NEUTRAL
58_5	PLAUSIBLE
59_1	IMPLAUSIBLE
59_2	IMPLAUSIBLE
59_3	PLAUSIBLE
59_4	IMPLAUSIBLE
59_5	NEUTRAL
60_1	IMPLAUSIBLE
60_2	IMPLAUSIBLE
60_3	PLAUSIBLE
60_4	PLAUSIBLE
60_5	IMPLAUSIBLE
61_1	IMPLAUSIBLE
61_2	PLAUSIBLE
61_3	IMPLAUSIBLE
61_4	PLAUSIBLE
61_5	NEUTRAL
62_1	NEUTRAL
62_2	NEUTRAL
62_3	PLAUSIBLE
62_4	NEUTRAL
62_5	NEUTRAL
63_1	NEUTRAL
63_2	PLAUSIBLE
63_3	IMPLAUSIBLE
63_4	NEUTRAL
63_5	IMPLAUSIBLE
64_1	IMPLAUSIBLE
64_2	PLAUSIBLE
64_3	PLAUSIBLE
64_4	PLAUSIBLE
64_5	NEUTRAL
65_1	PLAUSIBLE
65_2	IMPLAUSIBLE
65_3	PLAUSIBLE
65_4	PLAUSIBLE
65_5	PLAUSIBLE
66_1	PLAUSIBLE
66_2	PLAUSIBLE
66_3	PLAUSIBLE
66_4	IMPLAUSIBLE
66_5	PLAUSIBLE
67_1	IMPLAUSIBLE
67_2	NEUTRAL
67_3	PLAUSIBLE
67_4	IMPLAUSIBLE
67_5	IMPLAUSIBLE
68_1	PLAUSIBLE
68_2	IMPLAUSIBLE
68_3	NEUTRAL
68_4	IMPLAUSIBLE
68_5	PLAUSIBLE
69_1	NEUTRAL
69_2	IMPLAUSIBLE
69_3	IMPLAUSIBLE
69_4	PLAUSIBLE
69_5	IMPLAUSIBLE
70_1	NEUTRAL
70_2	NEUTRAL
70_3	PLAUSIBLE
70_4	NEUTRAL
70_5	IMPLAUSIBLE
71_1	PLAUSIBLE
71_2	PLAUSIBLE
71_3	NEUTRAL
71_4	IMPLAUSIBLE
71_5	PLAUSIBLE
72_1	PLAUSIBLE
72_2	PLAUSIBLE
72_3	PLAUSIBLE
72_4	IMPLAUSIBLE
72_5	IMPLAUSIBLE
73_1	PLAUSIBLE
73_2	PLAUSIBLE
73_3	NEUTRAL
73_4	NEUTRAL
73_5	PLAUSIBLE
74_1	IMPLAUSIBLE
74_2	PLAUSIBLE
74_3	NEUTRAL
74_4	PLAUSIBLE
74_5	IMPLAUSIBLE
75_1	IMPLAUSIBLE
75_2	PLAUSIBLE
75_3	PLAUSIBLE
75_4	PLAUSIBLE
75_5	PLAUSIBLE
76_1	PLAUSIBLE
76_2	IMPLAUSIBLE
76_3	IMPLAUSIBLE
76_4	PLAUSIBLE
76_5	PLAUSIBLE
77_1	IMPLAUSIBLE
77_2	PLAUSIBLE
77_3	IMPLAUSIBLE
77_4	IMPLAUSIBLE
77_5	IMPLAUSIBLE
78_1	IMPLAUSIBLE
78_2	PLAUSIBLE
78_3	PLAUSIBLE
78_4	IMPLAUSIBLE
78_5	IMPLAUSIBLE
79_1	PLAUSIBLE
79_2	NEUTRAL
79_3	NEUTRAL
79_4	PLAUSIBLE
79_5	NEUTRAL
80_1	IMPLAUSIBLE
80_2	IMPLAUSIBLE
80_3	PLAUSIBLE
80_4	PLAUSIBLE
80_5	IMPLAUSIBLE
81_1	PLAUSIBLE
81_2	PLAUSIBLE
81_3	IMPLAUSIBLE
81_4	PLAUSIBLE
81_5	IMPLAUSIBLE
82_1	PLAUSIBLE
82_2	PLAUSIBLE
82_3	PLAUSIBLE
82_4	PLAUSIBLE
82_5	IMPLAUSIBLE
83_1	PLAUSIBLE
83_2	IMPLAUSIBLE
83_3	IMPLAUSIBLE
83_4	IMPLAUSIBLE
83_5	NEUTRAL
84_1	PLAUSIBLE
84_2	NEUTRAL
84_3	PLAUSIBLE
84_4	PLAUSIBLE
84_5	PLAUSIBLE
85_1	PLAUSIBLE
85_2	IMPLAUSIBLE
85_3	PLAUSIBLE
85_4	PLAUSIBLE
85_5	IMPLAUSIBLE
86_1	PLAUSIBLE
86_2	IMPLAUSIBLE
86_3	NEUTRAL
86_4	NEUTRAL
86_5	IMPLAUSIBLE
87_1	IMPLAUSIBLE
87_2	IMPLAUSIBLE
87_3	NEUTRAL
87_4	PLAUSIBLE
87_5	IMPLAUSIBLE
88_1	PLAUSIBLE
88_2	PLAUSIBLE
88_3	IMPLAUSIBLE
88_4	IMPLAUSIBLE
88_5	PLAUSIBLE
89_1	IMPLAUSIBLE
89_2	IMPLAUSIBLE
89_3	IMPLAUSIBLE
89_4	NEUTRAL
89_5	IMPLAUSIBLE
90_1	NEUTRAL
90_2	PLAUSIBLE
90_3	PLAUSIBLE
90_4	PLAUSIBLE
90_5	PLAUSIBLE
91_1	PLAUSIBLE
91_2	IMPLAUSIBLE
91_3	IMPLAUSIBLE
91_4	PLAUSIBLE
91_5	IMPLAUSIBLE
92_1	PLAUSIBLE
92_2	PLAUSIBLE
92_3	NEUTRAL
92_4	PLAUSIBLE
92_5	IMPLAUSIBLE
93_1	NEUTRAL
93_2	PLAUSIBLE
93_3	PLAUSIBLE
93_4	IMPLAUSIBLE
93_5	IMPLAUSIBLE
94_1	PLAUSIBLE
94_2	PLAUSIBLE
94_3	PLAUSIBLE
94_4	IMPLAUSIBLE
94_5	PLAUSIBLE
95_1	PLAUSIBLE
95_2	IMPLAUSIBLE
95_3	IMPLAUSIBLE
95_4	PLAUSIBLE
95_5	NEUTRAL
96_1	PLAUSIBLE
96_2	IMPLAUSIBLE
96_3	IMPLAUSIBLE
96_4	PLAUSIBLE
96_5	NEUTRAL
97_1	IMPLAUSIBLE
97_2	PLAUSIBLE
97_3	NEUTRAL
97_4	IMPLAUSIBLE
97_5	IMPLAUSIBLE
98_1	PLAUSIBLE
98_2	PLAUSIBLE
98_3	PLAUSIBLE
98_4	IMPLAUSIBLE
98_5	IMPLAUSIBLE
99_1	PLAUSIBLE
99_2	PLAUSIBLE
99_3	IMPLAUSIBLE
99_4	IMPLAUSIBLE
99_5	PLAUSIBLE
100_1	IMPLAUSIBLE
100_2	PLAUSIBLE
100_3	IMPLAUSIBLE
100_4	NEUTRAL
100_5	IMPLAUSIBLE
101_1	IMPLAUSIBLE
101_2	NEUTRAL
101_3	PLAUSIBLE
101_4	PLAUSIBLE
101_5	PLAUSIBLE
102_1	IMPLAUSIBLE
102_2	PLAUSIBLE
102_3	PLAUSIBLE
102_4	PLAUSIBLE
102_5	IMPLAUSIBLE
103_1	IMPLAUSIBLE
103_2	IMPLAUSIBLE
103_3	PLAUSIBLE
103_4	IMPLAUSIBLE
103_5	NEUTRAL
104_1	IMPLAUSIBLE
104_2	PLAUSIBLE
104_3	IMPLAUSIBLE
104_4	NEUTRAL
104_5	IMPLAUSIBLE
105_1	IMPLAUSIBLE
105_2	NEUTRAL
105_3	PLAUSIBLE
105_4	PLAUSIBLE
105_5	NEUTRAL
106_1	IMPLAUSIBLE
106_2	IMPLAUSIBLE
106_3	PLAUSIBLE
106_4	IMPLAUSIBLE
106_5	IMPLAUSIBLE
107_1	NEUTRAL
107_2	PLAUSIBLE
107_3	NEUTRAL
107_4	IMPLAUSIBLE
107_5	PLAUSIBLE
108_1	IMPLAUSIBLE
108_2	NEUTRAL
108_3	PLAUSIBLE
108_4	IMPLAUSIBLE
108_5	IMPLAUSIBLE
109_1	NEUTRAL
109_2	IMPLAUSIBLE
109_3	IMPLAUSIBLE
109_4	IMPLAUSIBLE
109_5	PLAUSIBLE
110_1	IMPLAUSIBLE
110_2	IMPLAUSIBLE
110_3	PLAUSIBLE
110_4	IMPLAUSIBLE
110_5	IMPLAUSIBLE
111_1	NEUTRAL
111_2	NEUTRAL
111_3	PLAUSIBLE
111_4	PLAUSIBLE
111_5	PLAUSIBLE
112_1	PLAUSIBLE
112_2	NEUTRAL
112_3	IMPLAUSIBLE
112_4	IMPLAUSIBLE
112_5	PLAUSIBLE
113_1	PLAUSIBLE
113_2	NEUTRAL
113_3	IMPLAUSIBLE
113_4	NEUTRAL
113_5	IMPLAUSIBLE
114_1	PLAUSIBLE
114_2	IMPLAUSIBLE
114_3	PLAUSIBLE
114_4	NEUTRAL
114_5	PLAUSIBLE
115_1	PLAUSIBLE
115_2	PLAUSIBLE
115_3	PLAUSIBLE
115_4	NEUTRAL
115_5	IMPLAUSIBLE
116_1	NEUTRAL
116_2	PLAUSIBLE
116_3	PLAUSIBLE
116_4	PLAUSIBLE
116_5	PLAUSIBLE
117_1	IMPLAUSIBLE
117_2	PLAUSIBLE
117_3	PLAUSIBLE
117_4	IMPLAUSIBLE
117_5	NEUTRAL
118_1	PLAUSIBLE
118_2	IMPLAUSIBLE
118_3	IMPLAUSIBLE
118_4	IMPLAUSIBLE
118_5	NEUTRAL
119_1	IMPLAUSIBLE
119_2	IMPLAUSIBLE
119_3	NEUTRAL
119_4	PLAUSIBLE
119_5	PLAUSIBLE
120_1	IMPLAUSIBLE
120_2	IMPLAUSIBLE
120_3	PLAUSIBLE
120_4	PLAUSIBLE
120_5	NEUTRAL
121_1	PLAUSIBLE
121_2	IMPLAUSIBLE
121_3	NEUTRAL
121_4	NEUTRAL
121_5	IMPLAUSIBLE
122_1	IMPLAUSIBLE
122_2	NEUTRAL
122_3	PLAUSIBLE
122_4	PLAUSIBLE
122_5	IMPLAUSIBLE
123_1	IMPLAUSIBLE
123_2	IMPLAUSIBLE
123_3	IMPLAUSIBLE
123_4	IMPLAUSIBLE
123_5	NEUTRAL
124_1	IMPLAUSIBLE
124_2	IMPLAUSIBLE
124_3	IMPLAUSIBLE
124_4	PLAUSIBLE
124_5	IMPLAUSIBLE
125_1	IMPLAUSIBLE
125_2	NEUTRAL
125_3	PLAUSIBLE
125_4	PLAUSIBLE
125_5	PLAUSIBLE
126_1	PLAUSIBLE
126_2	PLAUSIBLE
126_3	NEUTRAL
126_4	IMPLAUSIBLE
126_5	PLAUSIBLE
127_1	PLAUSIBLE
127_2	PLAUSIBLE
127_3	IMPLAUSIBLE
127_4	PLAUSIBLE
127_5	NEUTRAL
128_1	IMPLAUSIBLE
128_2	PLAUSIBLE
128_3	PLAUSIBLE
128_4	NEUTRAL
128_5	IMPLAUSIBLE
129_1	IMPLAUSIBLE
129_2	PLAUSIBLE
129_3	PLAUSIBLE
129_4	IMPLAUSIBLE
129_5	IMPLAUSIBLE
130_1	IMPLAUSIBLE
130_2	IMPLAUSIBLE
130_3	PLAUSIBLE
130_4	PLAUSIBLE
130_5	IMPLAUSIBLE
131_1	PLAUSIBLE
131_2	PLAUSIBLE
131_3	PLAUSIBLE
131_4	PLAUSIBLE
131_5	PLAUSIBLE
132_1	IMPLAUSIBLE
132_2	PLAUSIBLE
132_3	NEUTRAL
132_4	PLAUSIBLE
132_5	PLAUSIBLE
133_1	NEUTRAL
133_2	IMPLAUSIBLE
133_3	IMPLAUSIBLE
133_4	IMPLAUSIBLE
133_5	IMPLAUSIBLE
134_1	NEUTRAL
134_2	IMPLAUSIBLE
134_3	PLAUSIBLE
134_4	PLAUSIBLE
134_5	IMPLAUSIBLE
135_1	IMPLAUSIBLE
135_2	PLAUSIBLE
135_3	PLAUSIBLE
135_4	NEUTRAL
135_5	PLAUSIBLE
136_1	IMPLAUSIBLE
136_2	PLAUSIBLE
136_3	IMPLAUSIBLE
136_4	IMPLAUSIBLE
136_5	PLAUSIBLE
137_1	PLAUSIBLE
137_2	IMPLAUSIBLE
137_3	IMPLAUSIBLE
137_4	IMPLAUSIBLE
137_5	IMPLAUSIBLE
138_1	NEUTRAL
138_2	IMPLAUSIBLE
138_3	PLAUSIBLE
138_4	NEUTRAL
138_5	NEUTRAL
139_1	PLAUSIBLE
139_2	IMPLAUSIBLE
139_3	IMPLAUSIBLE
139_4	PLAUSIBLE
139_5	PLAUSIBLE
140_1	NEUTRAL
140_2	IMPLAUSIBLE
140_3	IMPLAUSIBLE
140_4	NEUTRAL
140_5	NEUTRAL
141_1	IMPLAUSIBLE
141_2	PLAUSIBLE
141_3	IMPLAUSIBLE
141_4	IMPLAUSIBLE
141_5	IMPLAUSIBLE
142_1	IMPLAUSIBLE
142_2	IMPLAUSIBLE
142_3	IMPLAUSIBLE
142_4	IMPLAUSIBLE
142_5	PLAUSIBLE
143_1	NEUTRAL
143_2	PLAUSIBLE
143_3	IMPLAUSIBLE
143_4	PLAUSIBLE
143_5	IMPLAUSIBLE
144_1	PLAUSIBLE
144_2	IMPLAUSIBLE
144_3	IMPLAUSIBLE
144_4	NEUTRAL
144_5	IMPLAUSIBLE
145_1	IMPLAUSIBLE
145_2	PLAUSIBLE
145_3	NEUTRAL
145_4	PLAUSIBLE
145_5	IMPLAUSIBLE
146_1	PLAUSIBLE
146_2	PLAUSIBLE
146_3	NEUTRAL
146_4	NEUTRAL
146_5	PLAUSIBLE
147_1	PLAUSIBLE
147_2	IMPLAUSIBLE
147_3	PLAUSIBLE
147_4	PLAUSIBLE
147_5	IMPLAUSIBLE
148_1	IMPLAUSIBLE
148_2	IMPLAUSIBLE
148_3	IMPLAUSIBLE
148_4	IMPLAUSIBLE
148_5	PLAUSIBLE
149_1	IMPLAUSIBLE
149_2	PLAUSIBLE
149_3	PLAUSIBLE
149_4	NEUTRAL
149_5	IMPLAUSIBLE
150_1	NEUTRAL
150_2	PLAUSIBLE
150_3	PLAUSIBLE
150_4	PLAUSIBLE
150_5	PLAUSIBLE
151_1	NEUTRAL
151_2	PLAUSIBLE
151_3	PLAUSIBLE
151_4	IMPLAUSIBLE
151_5	PLAUSIBLE
152_1	PLAUSIBLE
152_2	NEUTRAL
152_3	NEUTRAL
152_4	IMPLAUSIBLE
152_5	NEUTRAL
153_1	PLAUSIBLE
153_2	IMPLAUSIBLE
153_3	IMPLAUSIBLE
153_4	IMPLAUSIBLE
153_5	IMPLAUSIBLE
154_1	PLAUSIBLE
154_2	NEUTRAL
154_3	IMPLAUSIBLE
154_4	PLAUSIBLE
154_5	NEUTRAL
155_1	IMPLAUSIBLE
155_2	PLAUSIBLE
155_3	PLAUSIBLE
155_4	IMPLAUSIBLE
155_5	IMPLAUSIBLE
156_1	PLAUSIBLE
156_2	NEUTRAL
156_3	PLAUSIBLE
156_4	PLAUSIBLE
156_5	PLAUSIBLE
157_1	PLAUSIBLE
157_2	IMPLAUSIBLE
157_3	NEUTRAL
157_4	IMPLAUSIBLE
157_5	IMPLAUSIBLE
158_1	NEUTRAL
158_2	NEUTRAL
158_3	IMPLAUSIBLE
158_4	NEUTRAL
158_5	PLAUSIBLE
159_1	PLAUSIBLE
159_2	IMPLAUSIBLE
159_3	IMPLAUSIBLE
159_4	IMPLAUSIBLE
159_5	IMPLAUSIBLE
160_1	PLAUSIBLE
160_2	PLAUSIBLE
160_3	PLAUSIBLE
160_4	PLAUSIBLE
160_5	PLAUSIBLE
161_1	NEUTRAL
161_2	PLAUSIBLE
161_3	IMPLAUSIBLE
161_4	IMPLAUSIBLE
161_5	PLAUSIBLE
162_1	NEUTRAL
162_2	IMPLAUSIBLE
162_3	PLAUSIBLE
162_4	PLAUSIBLE
162_5	IMPLAUSIBLE
163_1	NEUTRAL
163_2	NEUTRAL
163_3	NEUTRAL
163_4	IMPLAUSIBLE
163_5	NEUTRAL
164_1	IMPLAUSIBLE
164_2	PLAUSIBLE
164_3	IMPLAUSIBLE
164_4	PLAUSIBLE
164_5	IMPLAUSIBLE
165_1	IMPLAUSIBLE
165_2	NEUTRAL
165_3	NEUTRAL
165_4	IMPLAUSIBLE
165_5	PLAUSIBLE
166_1	IMPLAUSIBLE
166_2	PLAUSIBLE
166_3	PLAUSIBLE
166_4	PLAUSIBLE
166_5	PLAUSIBLE
167_1	IMPLAUSIBLE
167_2	NEUTRAL
167_3	IMPLAUSIBLE
167_4	PLAUSIBLE
167_5	NEUTRAL
168_1	PLAUSIBLE
168_2	PLAUSIBLE
168_3	IMPLAUSIBLE
168_4	PLAUSIBLE
168_5	PLAUSIBLE
169_1	NEUTRAL
169_2	PLAUSIBLE
169_3	IMPLAUSIBLE
169_4	IMPLAUSIBLE
169_5	PLAUSIBLE
170_1	IMPLAUSIBLE
170_2	IMPLAUSIBLE
170_3	IMPLAUSIBLE
170_4	IMPLAUSIBLE
170_5	IMPLAUSIBLE
171_1	PLAUSIBLE
171_2	IMPLAUSIBLE
171_3	PLAUSIBLE
171_4	PLAUSIBLE
171_5	NEUTRAL
172_1	NEUTRAL
172_2	PLAUSIBLE
172_3	PLAUSIBLE
172_4	PLAUSIBLE
172_5	PLAUSIBLE
173_1	IMPLAUSIBLE
173_2	IMPLAUSIBLE
173_3	IMPLAUSIBLE
173_4	NEUTRAL
173_5	IMPLAUSIBLE
174_1	IMPLAUSIBLE
174_2	NEUTRAL
174_3	NEUTRAL
174_4	PLAUSIBLE
174_5	IMPLAUSIBLE
175_1	PLAUSIBLE
175_2	PLAUSIBLE
175_3	PLAUSIBLE
175_4	PLAUSIBLE
175_5	IMPLAUSIBLE
176_1	IMPLAUSIBLE
176_2	PLAUSIBLE
176_3	IMPLAUSIBLE
176_4	IMPLAUSIBLE
176_5	PLAUSIBLE
177_1	PLAUSIBLE
177_2	IMPLAUSIBLE
177_3	PLAUSIBLE
177_4	PLAUSIBLE
177_5	PLAUSIBLE
178_1	PLAUSIBLE
178_2	PLAUSIBLE
178_3	PLAUSIBLE
178_4	PLAUSIBLE
178_5	PLAUSIBLE
179_1	IMPLAUSIBLE
179_2	IMPLAUSIBLE
179_3	IMPLAUSIBLE
179_4	PLAUSIBLE
179_5	PLAUSIBLE
180_1	PLAUSIBLE
180_2	NEUTRAL
180_3	IMPLAUSIBLE
180_4	IMPLAUSIBLE
180_5	IMPLAUSIBLE
181_1	PLAUSIBLE
181_2	NEUTRAL
181_3	PLAUSIBLE
181_4	NEUTRAL
181_5	PLAUSIBLE
182_1	NEUTRAL
182_2	IMPLAUSIBLE
182_3	IMPLAUSIBLE
182_4	NEUTRAL
182_5	PLAUSIBLE
183_1	PLAUSIBLE
183_2	PLAUSIBLE
183_3	PLAUSIBLE
183_4	PLAUSIBLE
183_5	PLAUSIBLE
184_1	PLAUSIBLE
184_2	NEUTRAL
184_3	NEUTRAL
184_4	PLAUSIBLE
184_5	PLAUSIBLE
185_1	IMPLAUSIBLE
185_2	NEUTRAL
185_3	IMPLAUSIBLE
185_4	IMPLAUSIBLE
185_5	IMPLAUSIBLE
186_1	PLAUSIBLE
186_2	IMPLAUSIBLE
186_3	PLAUSIBLE
186_4	PLAUSIBLE
186_5	IMPLAUSIBLE
187_1	PLAUSIBLE
187_2	IMPLAUSIBLE
187_3	IMPLAUSIBLE
187_4	IMPLAUSIBLE
187_5	IMPLAUSIBLE
188_1	PLAUSIBLE
188_2	PLAUSIBLE
188_3	IMPLAUSIBLE
188_4	NEUTRAL
188_5	IMPLAUSIBLE
189_1	PLAUSIBLE
189_2	PLAUSIBLE
189_3	IMPLAUSIBLE
189_4	PLAUSIBLE
189_5	IMPLAUSIBLE
190_1	PLAUSIBLE
190_2	NEUTRAL
190_3	IMPLAUSIBLE
190_4	PLAUSIBLE
190_5	PLAUSIBLE
191_1	IMPLAUSIBLE
191_2	IMPLAUSIBLE
191_3	IMPLAUSIBLE
191_4	PLAUSIBLE
191_5	NEUTRAL
192_1	IMPLAUSIBLE
192_2	IMPLAUSIBLE
192_3	NEUTRAL
192_4	PLAUSIBLE
192_5	IMPLAUSIBLE
193_1	NEUTRAL
193_2	NEUTRAL
193_3	PLAUSIBLE
193_4	IMPLAUSIBLE
193_5	IMPLAUSIBLE
194_1	PLAUSIBLE
194_2	PLAUSIBLE
194_3	PLAUSIBLE
194_4	PLAUSIBLE
194_5	IMPLAUSIBLE
195_1	PLAUSIBLE
195_2	PLAUSIBLE
195_3	IMPLAUSIBLE
195_4	PLAUSIBLE
195_5	PLAUSIBLE
196_1	PLAUSIBLE
196_2	PLAUSIBLE
196_3	IMPLAUSIBLE
196_4	PLAUSIBLE
196_5	PLAUSIBLE
197_1	PLAUSIBLE
197_2	NEUTRAL
197_3	IMPLAUSIBLE
197_4	IMPLAUSIBLE
197_5	NEUTRAL
198_1	IMPLAUSIBLE
198_2	IMPLAUSIBLE
198_3	PLAUSIBLE
198_4	PLAUSIBLE
198_5	PLAUSIBLE
199_1	PLAUSIBLE
199_2	IMPLAUSIBLE
199_3	NEUTRAL
199_4	PLAUSIBLE
199_5	PLAUSIBLE
200_1	PLAUSIBLE
200_2	NEUTRAL
200_3	PLAUSIBLE
200_4	NEUTRAL
200_5	PLAUSIBLE
201_1	NEUTRAL
201_2	IMPLAUSIBLE
201_3	IMPLAUSIBLE
201_4	PLAUSIBLE
201_5	PLAUSIBLE
202_1	IMPLAUSIBLE
202_2	PLAUSIBLE
202_3	PLAUSIBLE
202_4	PLAUSIBLE
202_5	NEUTRAL
203_1	PLAUSIBLE
203_2	PLAUSIBLE
203_3	PLAUSIBLE
203_4	NEUTRAL
203_5	PLAUSIBLE
204_1	PLAUSIBLE
204_2	PLAUSIBLE
204_3	IMPLAUSIBLE
204_4	PLAUSIBLE
204_5	PLAUSIBLE
205_1	PLAUSIBLE
205_2	PLAUSIBLE
205_3	IMPLAUSIBLE
205_4	PLAUSIBLE
205_5	PLAUSIBLE
206_1	IMPLAUSIBLE
206_2	PLAUSIBLE
206_3	NEUTRAL
206_4	IMPLAUSIBLE
206_5	PLAUSIBLE
207_1	PLAUSIBLE
207_2	PLAUSIBLE
207_3	IMPLAUSIBLE
207_4	IMPLAUSIBLE
207_5	PLAUSIBLE
208_1	PLAUSIBLE
208_2	PLAUSIBLE
208_3	PLAUSIBLE
208_4	PLAUSIBLE
208_5	PLAUSIBLE
209_1	PLAUSIBLE
209_2	PLAUSIBLE
209_3	PLAUSIBLE
209_4	IMPLAUSIBLE
209_5	IMPLAUSIBLE
210_1	PLAUSIBLE
210_2	IMPLAUSIBLE
210_3	IMPLAUSIBLE
210_4	IMPLAUSIBLE
210_5	IMPLAUSIBLE
211_1	PLAUSIBLE
211_2	PLAUSIBLE
211_3	NEUTRAL
211_4	IMPLAUSIBLE
211_5	PLAUSIBLE
212_1	PLAUSIBLE
212_2	IMPLAUSIBLE
212_3	PLAUSIBLE
212_4	IMPLAUSIBLE
212_5	NEUTRAL
213_1	IMPLAUSIBLE
213_2	PLAUSIBLE
213_3	IMPLAUSIBLE
213_4	PLAUSIBLE
213_5	PLAUSIBLE
214_1	IMPLAUSIBLE
214_2	PLAUSIBLE
214_3	PLAUSIBLE
214_4	PLAUSIBLE
214_5	PLAUSIBLE
215_1	NEUTRAL
215_2	PLAUSIBLE
215_3	PLAUSIBLE
215_4	PLAUSIBLE
215_5	IMPLAUSIBLE
216_1	PLAUSIBLE
216_2	PLAUSIBLE
216_3	NEUTRAL
216_4	NEUTRAL
216_5	PLAUSIBLE
217_1	PLAUSIBLE
217_2	PLAUSIBLE
217_3	NEUTRAL
217_4	PLAUSIBLE
217_5	PLAUSIBLE
218_1	IMPLAUSIBLE
218_2	PLAUSIBLE
218_3	IMPLAUSIBLE
218_4	IMPLAUSIBLE
218_5	NEUTRAL
219_1	IMPLAUSIBLE
219_2	NEUTRAL
219_3	NEUTRAL
219_4	PLAUSIBLE
219_5	PLAUSIBLE
220_1	IMPLAUSIBLE
220_2	PLAUSIBLE
220_3	NEUTRAL
220_4	IMPLAUSIBLE
220_5	PLAUSIBLE
221_1	PLAUSIBLE
221_2	IMPLAUSIBLE
221_3	NEUTRAL
221_4	IMPLAUSIBLE
221_5	NEUTRAL
222_1	PLAUSIBLE
222_2	NEUTRAL
222_3	PLAUSIBLE
222_4	PLAUSIBLE
222_5	NEUTRAL
223_1	IMPLAUSIBLE
223_2	IMPLAUSIBLE
223_3	IMPLAUSIBLE
223_4	IMPLAUSIBLE
223_5	IMPLAUSIBLE
224_1	IMPLAUSIBLE
224_2	IMPLAUSIBLE
224_3	IMPLAUSIBLE
224_4	PLAUSIBLE
224_5	IMPLAUSIBLE
225_1	NEUTRAL
225_2	NEUTRAL
225_3	IMPLAUSIBLE
225_4	PLAUSIBLE
225_5	PLAUSIBLE
226_1	NEUTRAL
226_2	IMPLAUSIBLE
226_3	IMPLAUSIBLE
226_4	PLAUSIBLE
226_5	NEUTRAL
227_1	IMPLAUSIBLE
227_2	NEUTRAL
227_3	IMPLAUSIBLE
227_4	PLAUSIBLE
227_5	IMPLAUSIBLE
228_1	NEUTRAL
228_2	PLAUSIBLE
228_3	PLAUSIBLE
228_4	PLAUSIBLE
228_5	PLAUSIBLE
229_1	PLAUSIBLE
229_2	IMPLAUSIBLE
229_3	IMPLAUSIBLE
229_4	IMPLAUSIBLE
229_5	PLAUSIBLE
230_1	IMPLAUSIBLE
230_2	PLAUSIBLE
230_3	IMPLAUSIBLE
230_4	IMPLAUSIBLE
230_5	IMPLAUSIBLE
231_1	PLAUSIBLE
231_2	IMPLAUSIBLE
231_3	IMPLAUSIBLE
231_4	NEUTRAL
231_5	IMPLAUSIBLE
232_1	IMPLAUSIBLE
232_2	IMPLAUSIBLE
232_3	PLAUSIBLE
232_4	PLAUSIBLE
232_5	IMPLAUSIBLE
233_1	PLAUSIBLE
233_2	PLAUSIBLE
233_3	PLAUSIBLE
233_4	PLAUSIBLE
233_5	IMPLAUSIBLE
234_1	PLAUSIBLE
234_2	IMPLAUSIBLE
234_3	NEUTRAL
234_4	IMPLAUSIBLE
234_5	IMPLAUSIBLE
235_1	IMPLAUSIBLE
235_2	PLAUSIBLE
235_3	IMPLAUSIBLE
235_4	IMPLAUSIBLE
235_5	IMPLAUSIBLE
236_1	PLAUSIBLE
236_2	PLAUSIBLE
236_3	PLAUSIBLE
236_4	IMPLAUSIBLE
236_5	PLAUSIBLE
237_1	PLAUSIBLE
237_2	NEUTRAL
237_3	IMPLAUSIBLE
237_4	IMPLAUSIBLE
237_5	PLAUSIBLE
238_1	IMPLAUSIBLE
238_2	PLAUSIBLE
238_3	IMPLAUSIBLE
238_4	PLAUSIBLE
238_5	IMPLAUSIBLE
239_1	PLAUSIBLE
239_2	IMPLAUSIBLE
239_3	PLAUSIBLE
239_4	IMPLAUSIBLE
239_5	IMPLAUSIBLE
240_1	PLAUSIBLE
240_2	PLAUSIBLE
240_3	IMPLAUSIBLE
240_4	PLAUSIBLE
240_5	PLAUSIBLE
241_1	PLAUSIBLE
241_2	IMPLAUSIBLE
241_3	IMPLAUSIBLE
241_4	NEUTRAL
241_5	PLAUSIBLE
242_1	IMPLAUSIBLE
242_2	IMPLAUSIBLE
242_3	IMPLAUSIBLE
242_4	IMPLAUSIBLE
242_5	PLAUSIBLE
243_1	IMPLAUSIBLE
243_2	IMPLAUSIBLE
243_3	PLAUSIBLE
243_4	NEUTRAL
243_5	IMPLAUSIBLE
244_1	NEUTRAL
244_2	PLAUSIBLE
244_3	PLAUSIBLE
244_4	IMPLAUSIBLE
244_5	PLAUSIBLE
245_1	PLAUSIBLE
245_2	IMPLAUSIBLE
245_3	PLAUSIBLE
245_4	NEUTRAL
245_5	IMPLAUSIBLE
246_1	IMPLAUSIBLE
246_2	PLAUSIBLE
246_3	PLAUSIBLE
246_4	PLAUSIBLE
246_5	NEUTRAL
247_1	IMPLAUSIBLE
247_2	NEUTRAL
247_3	NEUTRAL
247_4	PLAUSIBLE
247_5	PLAUSIBLE
248_1	IMPLAUSIBLE
248_2	IMPLAUSIBLE
248_3	PLAUSIBLE
248_4	IMPLAUSIBLE
248_5	IMPLAUSIBLE
249_1	IMPLAUSIBLE
249_2	PLAUSIBLE
249_3	IMPLAUSIBLE
249_4	IMPLAUSIBLE
249_5	IMPLAUSIBLE
250_1	IMPLAUSIBLE
250_2	PLAUSIBLE
250_3	PLAUSIBLE
250_4	IMPLAUSIBLE
250_5	IMPLAUSIBLE
251_1	IMPLAUSIBLE
251_2	PLAUSIBLE
251_3	IMPLAUSIBLE
251_4	IMPLAUSIBLE
251_5	IMPLAUSIBLE
252_1	PLAUSIBLE
252_2	IMPLAUSIBLE
252_3	PLAUSIBLE
252_4	IMPLAUSIBLE
252_5	IMPLAUSIBLE
253_1	IMPLAUSIBLE
253_2	IMPLAUSIBLE
253_3	PLAUSIBLE
253_4	IMPLAUSIBLE
253_5	IMPLAUSIBLE
254_1	PLAUSIBLE
254_2	NEUTRAL
254_3	NEUTRAL
254_4	PLAUSIBLE
254_5	NEUTRAL
255_1	IMPLAUSIBLE
255_2	PLAUSIBLE
255_3	IMPLAUSIBLE
255_4	IMPLAUSIBLE
255_5	NEUTRAL
256_1	NEUTRAL
256_2	NEUTRAL
256_3	NEUTRAL
256_4	PLAUSIBLE
256_5	PLAUSIBLE
257_1	PLAUSIBLE
257_2	NEUTRAL
257_3	PLAUSIBLE
257_4	PLAUSIBLE
257_5	IMPLAUSIBLE
258_1	IMPLAUSIBLE
258_2	NEUTRAL
258_3	IMPLAUSIBLE
258_4	PLAUSIBLE
258_5	IMPLAUSIBLE
259_1	IMPLAUSIBLE
259_2	NEUTRAL
259_3	IMPLAUSIBLE
259_4	PLAUSIBLE
259_5	PLAUSIBLE
260_1	IMPLAUSIBLE
260_2	PLAUSIBLE
260_3	IMPLAUSIBLE
260_4	IMPLAUSIBLE
260_5	PLAUSIBLE
261_1	NEUTRAL
261_2	PLAUSIBLE
261_3	IMPLAUSIBLE
261_4	NEUTRAL
261_5	IMPLAUSIBLE
262_1	IMPLAUSIBLE
262_2	PLAUSIBLE
262_3	IMPLAUSIBLE
262_4	PLAUSIBLE
262_5	IMPLAUSIBLE
263_1	PLAUSIBLE
263_2	PLAUSIBLE
263_3	NEUTRAL
263_4	PLAUSIBLE
263_5	PLAUSIBLE
264_1	PLAUSIBLE
264_2	IMPLAUSIBLE
264_3	NEUTRAL
264_4	IMPLAUSIBLE
264_5	NEUTRAL
265_1	IMPLAUSIBLE
265_2	PLAUSIBLE
265_3	PLAUSIBLE
265_4	IMPLAUSIBLE
265_5	PLAUSIBLE
266_1	IMPLAUSIBLE
266_2	NEUTRAL
266_3	NEUTRAL
266_4	NEUTRAL
266_5	PLAUSIBLE
267_1	NEUTRAL
267_2	IMPLAUSIBLE
267_3	PLAUSIBLE
267_4	NEUTRAL
267_5	NEUTRAL
268_1	IMPLAUSIBLE
268_2	PLAUSIBLE
268_3	IMPLAUSIBLE
268_4	IMPLAUSIBLE
268_5	IMPLAUSIBLE
269_1	IMPLAUSIBLE
269_2	IMPLAUSIBLE
269_3	PLAUSIBLE
269_4	IMPLAUSIBLE
269_5	NEUTRAL
270_1	NEUTRAL
270_2	PLAUSIBLE
270_3	PLAUSIBLE
270_4	NEUTRAL
270_5	IMPLAUSIBLE
271_1	PLAUSIBLE
271_2	IMPLAUSIBLE
271_3	IMPLAUSIBLE
271_4	NEUTRAL
271_5	PLAUSIBLE
272_1	PLAUSIBLE
272_2	PLAUSIBLE
272_3	PLAUSIBLE
272_4	PLAUSIBLE
272_5	PLAUSIBLE
273_1	NEUTRAL
273_2	PLAUSIBLE
273_3	NEUTRAL
273_4	IMPLAUSIBLE
273_5	IMPLAUSIBLE
274_1	IMPLAUSIBLE
274_2	NEUTRAL
274_3	IMPLAUSIBLE
274_4	IMPLAUSIBLE
274_5	PLAUSIBLE
275_1	PLAUSIBLE
275_2	PLAUSIBLE
275_3	PLAUSIBLE
275_4	PLAUSIBLE
275_5	IMPLAUSIBLE
276_1	NEUTRAL
276_2	PLAUSIBLE
276_3	PLAUSIBLE
276_4	IMPLAUSIBLE
276_5	IMPLAUSIBLE
277_1	IMPLAUSIBLE
277_2	PLAUSIBLE
277_3	PLAUSIBLE
277_4	PLAUSIBLE
277_5	PLAUSIBLE
278_1	PLAUSIBLE
278_2	IMPLAUSIBLE
278_3	IMPLAUSIBLE
278_4	NEUTRAL
278_5	IMPLAUSIBLE
279_1	IMPLAUSIBLE
279_2	PLAUSIBLE
279_3	IMPLAUSIBLE
279_4	IMPLAUSIBLE
279_5	NEUTRAL
280_1	NEUTRAL
280_2	IMPLAUSIBLE
280_3	IMPLAUSIBLE
280_4	IMPLAUSIBLE
280_5	NEUTRAL
281_1	PLAUSIBLE
281_2	IMPLAUSIBLE
281_3	IMPLAUSIBLE
281_4	PLAUSIBLE
281_5	IMPLAUSIBLE
282_1	IMPLAUSIBLE
282_2	PLAUSIBLE
282_3	IMPLAUSIBLE
282_4	IMPLAUSIBLE
282_5	IMPLAUSIBLE
283_1	PLAUSIBLE
283_2	IMPLAUSIBLE
283_3	PLAUSIBLE
283_4	PLAUSIBLE
283_5	PLAUSIBLE
284_1	PLAUSIBLE
284_2	PLAUSIBLE
284_3	IMPLAUSIBLE
284_4	PLAUSIBLE
284_5	PLAUSIBLE
285_1	IMPLAUSIBLE
285_2	PLAUSIBLE
285_3	PLAUSIBLE
285_4	IMPLAUSIBLE
285_5	IMPLAUSIBLE
286_1	NEUTRAL
286_2	PLAUSIBLE
286_3	NEUTRAL
286_4	NEUTRAL
286_5	IMPLAUSIBLE
287_1	IMPLAUSIBLE
287_2	IMPLAUSIBLE
287_3	PLAUSIBLE
287_4	PLAUSIBLE
287_5	IMPLAUSIBLE
288_1	IMPLAUSIBLE
288_2	IMPLAUSIBLE
288_3	PLAUSIBLE
288_4	IMPLAUSIBLE
288_5	NEUTRAL
289_1	IMPLAUSIBLE
289_2	PLAUSIBLE
289_3	PLAUSIBLE
289_4	IMPLAUSIBLE
289_5	PLAUSIBLE
290_1	PLAUSIBLE
290_2	IMPLAUSIBLE
290_3	PLAUSIBLE
290_4	NEUTRAL
290_5	IMPLAUSIBLE
291_1	PLAUSIBLE
291_2	PLAUSIBLE
291_3	IMPLAUSIBLE
291_4	IMPLAUSIBLE
291_5	PLAUSIBLE
292_1	NEUTRAL
292_2	IMPLAUSIBLE
292_3	NEUTRAL
292_4	NEUTRAL
292_5	IMPLAUSIBLE
293_1	PLAUSIBLE
293_2	PLAUSIBLE
293_3	IMPLAUSIBLE
293_4	NEUTRAL
293_5	PLAUSIBLE
294_1	IMPLAUSIBLE
294_2	PLAUSIBLE
294_3	PLAUSIBLE
294_4	NEUTRAL
294_5	PLAUSIBLE
295_1	PLAUSIBLE
295_2	IMPLAUSIBLE
295_3	IMPLAUSIBLE
295_4	IMPLAUSIBLE
295_5	IMPLAUSIBLE
296_1	IMPLAUSIBLE
296_2	IMPLAUSIBLE
296_3	IMPLAUSIBLE
296_4	IMPLAUSIBLE
296_5	IMPLAUSIBLE
297_1	IMPLAUSIBLE
297_2	PLAUSIBLE
297_3	PLAUSIBLE
297_4	NEUTRAL
297_5	IMPLAUSIBLE
298_1	IMPLAUSIBLE
298_2	IMPLAUSIBLE
298_3	PLAUSIBLE
298_4	PLAUSIBLE
298_5	IMPLAUSIBLE
299_1	PLAUSIBLE
299_2	PLAUSIBLE
299_3	PLAUSIBLE
299_4	PLAUSIBLE
299_5	IMPLAUSIBLE
300_1	PLAUSIBLE
300_2	IMPLAUSIBLE
300_3	PLAUSIBLE
300_4	IMPLAUSIBLE
300_5	NEUTRAL
301_1	PLAUSIBLE
301_2	PLAUSIBLE
301_3	PLAUSIBLE
301_4	IMPLAUSIBLE
301_5	NEUTRAL
302_1	IMPLAUSIBLE
302_2	NEUTRAL
302_3	IMPLAUSIBLE
302_4	PLAUSIBLE
302_5	NEUTRAL
303_1	PLAUSIBLE
303_2	PLAUSIBLE
303_3	PLAUSIBLE
303_4	PLAUSIBLE
303_5	PLAUSIBLE
304_1	PLAUSIBLE
304_2	NEUTRAL
304_3	NEUTRAL
304_4	PLAUSIBLE
304_5	PLAUSIBLE
305_1	NEUTRAL
305_2	PLAUSIBLE
305_3	IMPLAUSIBLE
305_4	NEUTRAL
305_5	NEUTRAL
306_1	NEUTRAL
306_2	NEUTRAL
306_3	PLAUSIBLE
306_4	PLAUSIBLE
306_5	PLAUSIBLE
307_1	IMPLAUSIBLE
307_2	IMPLAUSIBLE
307_3	PLAUSIBLE
307_4	PLAUSIBLE
307_5	PLAUSIBLE
308_1	IMPLAUSIBLE
308_2	NEUTRAL
308_3	NEUTRAL
308_4	NEUTRAL
308_5	PLAUSIBLE
309_1	PLAUSIBLE
309_2	PLAUSIBLE
309_3	IMPLAUSIBLE
309_4	IMPLAUSIBLE
309_5	IMPLAUSIBLE
310_1	PLAUSIBLE
310_2	PLAUSIBLE
310_3	IMPLAUSIBLE
310_4	PLAUSIBLE
310_5	NEUTRAL
311_1	IMPLAUSIBLE
311_2	NEUTRAL
311_3	PLAUSIBLE
311_4	PLAUSIBLE
311_5	IMPLAUSIBLE
312_1	IMPLAUSIBLE
312_2	PLAUSIBLE
312_3	IMPLAUSIBLE
312_4	IMPLAUSIBLE
312_5	PLAUSIBLE
313_1	NEUTRAL
313_2	PLAUSIBLE
313_3	NEUTRAL
313_4	PLAUSIBLE
313_5	NEUTRAL
314_1	IMPLAUSIBLE
314_2	IMPLAUSIBLE
314_3	IMPLAUSIBLE
314_4	PLAUSIBLE
314_5	IMPLAUSIBLE
315_1	IMPLAUSIBLE
315_2	NEUTRAL
315_3	PLAUSIBLE
315_4	IMPLAUSIBLE
315_5	IMPLAUSIBLE
316_1	PLAUSIBLE
316_2	PLAUSIBLE
316_3	IMPLAUSIBLE
316_4	PLAUSIBLE
316_5	IMPLAUSIBLE
317_1	PLAUSIBLE
317_2	PLAUSIBLE
317_3	PLAUSIBLE
317_4	NEUTRAL
317_5	IMPLAUSIBLE
318_1	NEUTRAL
318_2	IMPLAUSIBLE
318_3	PLAUSIBLE
318_4	IMPLAUSIBLE
318_5	IMPLAUSIBLE
319_1	NEUTRAL
319_2	PLAUSIBLE
319_3	IMPLAUSIBLE
319_4	IMPLAUSIBLE
319_5	NEUTRAL
320_1	IMPLAUSIBLE
320_2	PLAUSIBLE
320_3	PLAUSIBLE
320_4	PLAUSIBLE
320_5	IMPLAUSIBLE
321_1	PLAUSIBLE
321_2	PLAUSIBLE
321_3	PLAUSIBLE
321_4	IMPLAUSIBLE
321_5	PLAUSIBLE
322_1	NEUTRAL
322_2	PLAUSIBLE
322_3	PLAUSIBLE
322_4	NEUTRAL
322_5	PLAUSIBLE
323_1	PLAUSIBLE
323_2	IMPLAUSIBLE
323_3	NEUTRAL
323_4	IMPLAUSIBLE
323_5	NEUTRAL
324_1	NEUTRAL
324_2	NEUTRAL
324_3	PLAUSIBLE
324_4	PLAUSIBLE
324_5	NEUTRAL
325_1	PLAUSIBLE
325_2	PLAUSIBLE
325_3	NEUTRAL
325_4	IMPLAUSIBLE
325_5	IMPLAUSIBLE
326_1	PLAUSIBLE
326_2	IMPLAUSIBLE
326_3	NEUTRAL
326_4	PLAUSIBLE
326_5	IMPLAUSIBLE
327_1	NEUTRAL
327_2	NEUTRAL
327_3	IMPLAUSIBLE
327_4	PLAUSIBLE
327_5	PLAUSIBLE
328_1	IMPLAUSIBLE
328_2	PLAUSIBLE
328_3	PLAUSIBLE
328_4	NEUTRAL
328_5	PLAUSIBLE
329_1	NEUTRAL
329_2	IMPLAUSIBLE
329_3	PLAUSIBLE
329_4	PLAUSIBLE
329_5	PLAUSIBLE
330_1	IMPLAUSIBLE
330_2	PLAUSIBLE
330_3	NEUTRAL
330_4	PLAUSIBLE
330_5	NEUTRAL
331_1	IMPLAUSIBLE
331_2	IMPLAUSIBLE
331_3	PLAUSIBLE
331_4	IMPLAUSIBLE
331_5	PLAUSIBLE
332_1	NEUTRAL
332_2	NEUTRAL
332_3	NEUTRAL
332_4	PLAUSIBLE
332_5	PLAUSIBLE
333_1	IMPLAUSIBLE
333_2	PLAUSIBLE
333_3	NEUTRAL
333_4	PLAUSIBLE
333_5	IMPLAUSIBLE
334_1	IMPLAUSIBLE
334_2	IMPLAUSIBLE
334_3	PLAUSIBLE
334_4	PLAUSIBLE
334_5	IMPLAUSIBLE
335_1	IMPLAUSIBLE
335_2	IMPLAUSIBLE
335_3	IMPLAUSIBLE
335_4	NEUTRAL
335_5	NEUTRAL
336_1	PLAUSIBLE
336_2	IMPLAUSIBLE
336_3	NEUTRAL
336_4	IMPLAUSIBLE
336_5	NEUTRAL
337_1	IMPLAUSIBLE
337_2	PLAUSIBLE
337_3	IMPLAUSIBLE
337_4	IMPLAUSIBLE
337_5	PLAUSIBLE
338_1	IMPLAUSIBLE
338_2	IMPLAUSIBLE
338_3	PLAUSIBLE
338_4	IMPLAUSIBLE
338_5	PLAUSIBLE
339_1	PLAUSIBLE
339_2	IMPLAUSIBLE
339_3	IMPLAUSIBLE
339_4	NEUTRAL
339_5	NEUTRAL
340_1	PLAUSIBLE
340_2	PLAUSIBLE
340_3	NEUTRAL
340_4	PLAUSIBLE
340_5	PLAUSIBLE
341_1	IMPLAUSIBLE
341_2	IMPLAUSIBLE
341_3	PLAUSIBLE
341_4	PLAUSIBLE
341_5	PLAUSIBLE
342_1	PLAUSIBLE
342_2	IMPLAUSIBLE
342_3	PLAUSIBLE
342_4	IMPLAUSIBLE
342_5	PLAUSIBLE
343_1	IMPLAUSIBLE
343_2	IMPLAUSIBLE
343_3	IMPLAUSIBLE
343_4	IMPLAUSIBLE
343_5	NEUTRAL
344_1	PLAUSIBLE
344_2	IMPLAUSIBLE
344_3	IMPLAUSIBLE
344_4	IMPLAUSIBLE
344_5	IMPLAUSIBLE
345_1	IMPLAUSIBLE
345_2	NEUTRAL
345_3	IMPLAUSIBLE
345_4	IMPLAUSIBLE
345_5	NEUTRAL
346_1	NEUTRAL
346_2	NEUTRAL
346_3	PLAUSIBLE
346_4	IMPLAUSIBLE
346_5	IMPLAUSIBLE
347_1	IMPLAUSIBLE
347_2	IMPLAUSIBLE
347_3	IMPLAUSIBLE
347_4	NEUTRAL
347_5	PLAUSIBLE
348_1	PLAUSIBLE
348_2	PLAUSIBLE
348_3	PLAUSIBLE
348_4	IMPLAUSIBLE
348_5	NEUTRAL
349_1	IMPLAUSIBLE
349_2	PLAUSIBLE
349_3	PLAUSIBLE
349_4	IMPLAUSIBLE
349_5	NEUTRAL
350_1	PLAUSIBLE
350_2	NEUTRAL
350_3	NEUTRAL
350_4	NEUTRAL
350_5	NEUTRAL
351_1	IMPLAUSIBLE
351_2	IMPLAUSIBLE
351_3	IMPLAUSIBLE
351_4	PLAUSIBLE
351_5	IMPLAUSIBLE
352_1	IMPLAUSIBLE
352_2	PLAUSIBLE
352_3	PLAUSIBLE
352_4	NEUTRAL
352_5	PLAUSIBLE
353_1	PLAUSIBLE
353_2	PLAUSIBLE
353_3	PLAUSIBLE
353_4	NEUTRAL
353_5	PLAUSIBLE
354_1	NEUTRAL
354_2	NEUTRAL
354_3	PLAUSIBLE
354_4	PLAUSIBLE
354_5	PLAUSIBLE
355_1	NEUTRAL
355_2	IMPLAUSIBLE
355_3	NEUTRAL
355_4	NEUTRAL
355_5	PLAUSIBLE
356_1	IMPLAUSIBLE
356_2	NEUTRAL
356_3	IMPLAUSIBLE
356_4	PLAUSIBLE
356_5	PLAUSIBLE
357_1	IMPLAUSIBLE
357_2	IMPLAUSIBLE
357_3	IMPLAUSIBLE
357_4	PLAUSIBLE
357_5	IMPLAUSIBLE
358_1	NEUTRAL
358_2	PLAUSIBLE
358_3	IMPLAUSIBLE
358_4	NEUTRAL
358_5	PLAUSIBLE
359_1	PLAUSIBLE
359_2	IMPLAUSIBLE
359_3	NEUTRAL
359_4	PLAUSIBLE
359_5	NEUTRAL
360_1	PLAUSIBLE
360_2	IMPLAUSIBLE
360_3	PLAUSIBLE
360_4	PLAUSIBLE
360_5	PLAUSIBLE
361_1	NEUTRAL
361_2	PLAUSIBLE
361_3	PLAUSIBLE
361_4	IMPLAUSIBLE
361_5	PLAUSIBLE
362_1	NEUTRAL
362_2	IMPLAUSIBLE
362_3	IMPLAUSIBLE
362_4	NEUTRAL
362_5	NEUTRAL
363_1	IMPLAUSIBLE
363_2	IMPLAUSIBLE
363_3	PLAUSIBLE
363_4	IMPLAUSIBLE
363_5	PLAUSIBLE
364_1	IMPLAUSIBLE
364_2	PLAUSIBLE
364_3	NEUTRAL
364_4	NEUTRAL
364_5	PLAUSIBLE
365_1	IMPLAUSIBLE
365_2	NEUTRAL
365_3	PLAUSIBLE
365_4	IMPLAUSIBLE
365_5	NEUTRAL
366_1	PLAUSIBLE
366_2	PLAUSIBLE
366_3	IMPLAUSIBLE
366_4	IMPLAUSIBLE
366_5	PLAUSIBLE
367_1	IMPLAUSIBLE
367_2	NEUTRAL
367_3	IMPLAUSIBLE
367_4	IMPLAUSIBLE
367_5	IMPLAUSIBLE
368_1	PLAUSIBLE
368_2	NEUTRAL
368_3	IMPLAUSIBLE
368_4	PLAUSIBLE
368_5	IMPLAUSIBLE
369_1	IMPLAUSIBLE
369_2	NEUTRAL
369_3	IMPLAUSIBLE
369_4	IMPLAUSIBLE
369_5	NEUTRAL
370_1	NEUTRAL
370_2	NEUTRAL
370_3	PLAUSIBLE
370_4	NEUTRAL
370_5	IMPLAUSIBLE
371_1	IMPLAUSIBLE
371_2	IMPLAUSIBLE
371_3	IMPLAUSIBLE
371_4	IMPLAUSIBLE
371_5	NEUTRAL
372_1	IMPLAUSIBLE
372_2	PLAUSIBLE
372_3	IMPLAUSIBLE
372_4	PLAUSIBLE
372_5	IMPLAUSIBLE
373_1	PLAUSIBLE
373_2	PLAUSIBLE
373_3	PLAUSIBLE
373_4	PLAUSIBLE
373_5	IMPLAUSIBLE
374_1	IMPLAUSIBLE
374_2	PLAUSIBLE
374_3	PLAUSIBLE
374_4	IMPLAUSIBLE
374_5	IMPLAUSIBLE
375_1	PLAUSIBLE
375_2	PLAUSIBLE
375_3	PLAUSIBLE
375_4	IMPLAUSIBLE
375_5	PLAUSIBLE
376_1	NEUTRAL
376_2	PLAUSIBLE
376_3	NEUTRAL
376_4	PLAUSIBLE
376_5	NEUTRAL
377_1	NEUTRAL
377_2	IMPLAUSIBLE
377_3	PLAUSIBLE
377_4	PLAUSIBLE
377_5	PLAUSIBLE
378_1	PLAUSIBLE
378_2	PLAUSIBLE
378_3	PLAUSIBLE
378_4	IMPLAUSIBLE
378_5	IMPLAUSIBLE
379_1	PLAUSIBLE
379_2	IMPLAUSIBLE
379_3	PLAUSIBLE
379_4	NEUTRAL
379_5	NEUTRAL
380_1	PLAUSIBLE
380_2	IMPLAUSIBLE
380_3	PLAUSIBLE
380_4	PLAUSIBLE
380_5	PLAUSIBLE
381_1	PLAUSIBLE
381_2	PLAUSIBLE
381_3	NEUTRAL
381_4	PLAUSIBLE
381_5	IMPLAUSIBLE
382_1	IMPLAUSIBLE
382_2	PLAUSIBLE
382_3	PLAUSIBLE
382_4	IMPLAUSIBLE
382_5	PLAUSIBLE
383_1	NEUTRAL
383_2	PLAUSIBLE
383_3	NEUTRAL
383_4	PLAUSIBLE
383_5	NEUTRAL
384_1	PLAUSIBLE
384_2	PLAUSIBLE
384_3	IMPLAUSIBLE
384_4	NEUTRAL
384_5	IMPLAUSIBLE
385_1	IMPLAUSIBLE
385_2	NEUTRAL
385_3	IMPLAUSIBLE
385_4	IMPLAUSIBLE
385_5	IMPLAUSIBLE
386_1	PLAUSIBLE
386_2	PLAUSIBLE
386_3	PLAUSIBLE
386_4	IMPLAUSIBLE
386_5	PLAUSIBLE
387_1	IMPLAUSIBLE
387_2	PLAUSIBLE
387_3	PLAUSIBLE
387_4	IMPLAUSIBLE
387_5	PLAUSIBLE
388_1	PLAUSIBLE
388_2	IMPLAUSIBLE
388_3	PLAUSIBLE
388_4	PLAUSIBLE
388_5	NEUTRAL
389_1	IMPLAUSIBLE
389_2	IMPLAUSIBLE
389_3	PLAUSIBLE
389_4	IMPLAUSIBLE
389_5	PLAUSIBLE
390_1	PLAUSIBLE
390_2	PLAUSIBLE
390_3	IMPLAUSIBLE
390_4	PLAUSIBLE
390_5	IMPLAUSIBLE
391_1	IMPLAUSIBLE
391_2	PLAUSIBLE
391_3	IMPLAUSIBLE
391_4	IMPLAUSIBLE
391_5	PLAUSIBLE
392_1	NEUTRAL
392_2	PLAUSIBLE
392_3	PLAUSIBLE
392_4	IMPLAUSIBLE
392_5	IMPLAUSIBLE
393_1	PLAUSIBLE
393_2	IMPLAUSIBLE
393_3	IMPLAUSIBLE
393_4	IMPLAUSIBLE
393_5	IMPLAUSIBLE
394_1	IMPLAUSIBLE
394_2	IMPLAUSIBLE
394_3	IMPLAUSIBLE
394_4	NEUTRAL
394_5	PLAUSIBLE
395_1	IMPLAUSIBLE
395_2	IMPLAUSIBLE
395_3	IMPLAUSIBLE
395_4	PLAUSIBLE
395_5	IMPLAUSIBLE
396_1	IMPLAUSIBLE
396_2	IMPLAUSIBLE
396_3	IMPLAUSIBLE
396_4	PLAUSIBLE
396_5	PLAUSIBLE
397_1	NEUTRAL
397_2	IMPLAUSIBLE
397_3	PLAUSIBLE
397_4	PLAUSIBLE
397_5	IMPLAUSIBLE
398_1	NEUTRAL
398_2	IMPLAUSIBLE
398_3	IMPLAUSIBLE
398_4	PLAUSIBLE
398_5	NEUTRAL
399_1	IMPLAUSIBLE
399_2	IMPLAUSIBLE
399_3	PLAUSIBLE
399_4	PLAUSIBLE
399_5	IMPLAUSIBLE
400_1	PLAUSIBLE
400_2	PLAUSIBLE
400_3	PLAUSIBLE
400_4	NEUTRAL
400_5	IMPLAUSIBLE
401_1	PLAUSIBLE
401_2	IMPLAUSIBLE
401_3	PLAUSIBLE
401_4	PLAUSIBLE
401_5	PLAUSIBLE
402_1	PLAUSIBLE
402_2	IMPLAUSIBLE
402_3	PLAUSIBLE
402_4	NEUTRAL
402_5	IMPLAUSIBLE
403_1	PLAUSIBLE
403_2	PLAUSIBLE
403_3	NEUTRAL
403_4	IMPLAUSIBLE
403_5	PLAUSIBLE
404_1	IMPLAUSIBLE
404_2	IMPLAUSIBLE
404_3	IMPLAUSIBLE
404_4	PLAUSIBLE
404_5	PLAUSIBLE
405_1	IMPLAUSIBLE
405_2	PLAUSIBLE
405_3	PLAUSIBLE
405_4	IMPLAUSIBLE
405_5	PLAUSIBLE
406_1	PLAUSIBLE
406_2	IMPLAUSIBLE
406_3	NEUTRAL
406_4	PLAUSIBLE
406_5	NEUTRAL
407_1	IMPLAUSIBLE
407_2	IMPLAUSIBLE
407_3	NEUTRAL
407_4	IMPLAUSIBLE
407_5	PLAUSIBLE
408_1	PLAUSIBLE
408_2	IMPLAUSIBLE
408_3	PLAUSIBLE
408_4	PLAUSIBLE
408_5	NEUTRAL
409_1	PLAUSIBLE
409_2	NEUTRAL
409_3	IMPLAUSIBLE
409_4	PLAUSIBLE
409_5	PLAUSIBLE
410_1	IMPLAUSIBLE
410_2	NEUTRAL
410_3	NEUTRAL
410_4	PLAUSIBLE
410_5	NEUTRAL
411_1	IMPLAUSIBLE
411_2	PLAUSIBLE
411_3	PLAUSIBLE
411_4	NEUTRAL
411_5	IMPLAUSIBLE
412_1	PLAUSIBLE
412_2	IMPLAUSIBLE
412_3	PLAUSIBLE
412_4	PLAUSIBLE
412_5	PLAUSIBLE
413_1	PLAUSIBLE
413_2	IMPLAUSIBLE
413_3	IMPLAUSIBLE
413_4	NEUTRAL
413_5	IMPLAUSIBLE
414_1	PLAUSIBLE
414_2	PLAUSIBLE
414_3	NEUTRAL
414_4	PLAUSIBLE
414_5	PLAUSIBLE
415_1	PLAUSIBLE
415_2	PLAUSIBLE
415_3	PLAUSIBLE
415_4	PLAUSIBLE
415_5	NEUTRAL
416_1	PLAUSIBLE
416_2	IMPLAUSIBLE
416_3	PLAUSIBLE
416_4	PLAUSIBLE
416_5	PLAUSIBLE
417_1	PLAUSIBLE
417_2	IMPLAUSIBLE
417_3	PLAUSIBLE
417_4	PLAUSIBLE
417_5	PLAUSIBLE
418_1	NEUTRAL
418_2	PLAUSIBLE
418_3	PLAUSIBLE
418_4	PLAUSIBLE
418_5	PLAUSIBLE
419_1	PLAUSIBLE
419_2	IMPLAUSIBLE
419_3	PLAUSIBLE
419_4	PLAUSIBLE
419_5	NEUTRAL
420_1	PLAUSIBLE
420_2	PLAUSIBLE
420_3	PLAUSIBLE
420_4	PLAUSIBLE
420_5	IMPLAUSIBLE
421_1	NEUTRAL
421_2	NEUTRAL
421_3	NEUTRAL
421_4	PLAUSIBLE
421_5	IMPLAUSIBLE
422_1	PLAUSIBLE
422_2	PLAUSIBLE
422_3	IMPLAUSIBLE
422_4	PLAUSIBLE
422_5	PLAUSIBLE
423_1	IMPLAUSIBLE
423_2	IMPLAUSIBLE
423_3	IMPLAUSIBLE
423_4	IMPLAUSIBLE
423_5	PLAUSIBLE
424_1	NEUTRAL
424_2	PLAUSIBLE
424_3	PLAUSIBLE
424_4	IMPLAUSIBLE
424_5	PLAUSIBLE
425_1	IMPLAUSIBLE
425_2	PLAUSIBLE
425_3	PLAUSIBLE
425_4	PLAUSIBLE
425_5	PLAUSIBLE
426_1	IMPLAUSIBLE
426_2	IMPLAUSIBLE
426_3	IMPLAUSIBLE
426_4	IMPLAUSIBLE
426_5	NEUTRAL
427_1	PLAUSIBLE
427_2	IMPLAUSIBLE
427_3	IMPLAUSIBLE
427_4	NEUTRAL
427_5	NEUTRAL
428_1	IMPLAUSIBLE
428_2	PLAUSIBLE
428_3	PLAUSIBLE
428_4	PLAUSIBLE
428_5	NEUTRAL
429_1	PLAUSIBLE
429_2	IMPLAUSIBLE
429_3	IMPLAUSIBLE
429_4	IMPLAUSIBLE
429_5	IMPLAUSIBLE
430_1	IMPLAUSIBLE
430_2	IMPLAUSIBLE
430_3	PLAUSIBLE
430_4	PLAUSIBLE
430_5	IMPLAUSIBLE
431_1	IMPLAUSIBLE
431_2	NEUTRAL
431_3	IMPLAUSIBLE
431_4	NEUTRAL
431_5	PLAUSIBLE
432_1	IMPLAUSIBLE
432_2	PLAUSIBLE
432_3	IMPLAUSIBLE
432_4	IMPLAUSIBLE
432_5	IMPLAUSIBLE
433_1	PLAUSIBLE
433_2	NEUTRAL
433_3	NEUTRAL
433_4	PLAUSIBLE
433_5	PLAUSIBLE
434_1	NEUTRAL
434_2	PLAUSIBLE
434_3	NEUTRAL
434_4	PLAUSIBLE
434_5	PLAUSIBLE
435_1	IMPLAUSIBLE
435_2	PLAUSIBLE
435_3	IMPLAUSIBLE
435_4	PLAUSIBLE
435_5	NEUTRAL
436_1	PLAUSIBLE
436_2	IMPLAUSIBLE
436_3	IMPLAUSIBLE
436_4	IMPLAUSIBLE
436_5	IMPLAUSIBLE
437_1	PLAUSIBLE
437_2	PLAUSIBLE
437_3	IMPLAUSIBLE
437_4	IMPLAUSIBLE
437_5	PLAUSIBLE
438_1	IMPLAUSIBLE
438_2	PLAUSIBLE
438_3	NEUTRAL
438_4	PLAUSIBLE
438_5	PLAUSIBLE
439_1	PLAUSIBLE
439_2	PLAUSIBLE
439_3	NEUTRAL
439_4	IMPLAUSIBLE
439_5	PLAUSIBLE
440_1	PLAUSIBLE
440_2	NEUTRAL
440_3	IMPLAUSIBLE
440_4	PLAUSIBLE
440_5	IMPLAUSIBLE
441_1	IMPLAUSIBLE
441_2	PLAUSIBLE
441_3	PLAUSIBLE
441_4	PLAUSIBLE
441_5	PLAUSIBLE
442_1	PLAUSIBLE
442_2	IMPLAUSIBLE
442_3	PLAUSIBLE
442_4	IMPLAUSIBLE
442_5	PLAUSIBLE
443_1	NEUTRAL
443_2	PLAUSIBLE
443_3	IMPLAUSIBLE
443_4	NEUTRAL
443_5	NEUTRAL
444_1	PLAUSIBLE
444_2	NEUTRAL
444_3	IMPLAUSIBLE
444_4	IMPLAUSIBLE
444_5	NEUTRAL
445_1	IMPLAUSIBLE
445_2	NEUTRAL
445_3	PLAUSIBLE
445_4	PLAUSIBLE
445_5	PLAUSIBLE
446_1	NEUTRAL
446_2	PLAUSIBLE
446_3	IMPLAUSIBLE
446_4	PLAUSIBLE
446_5	IMPLAUSIBLE
447_1	PLAUSIBLE
447_2	NEUTRAL
447_3	NEUTRAL
447_4	NEUTRAL
447_5	IMPLAUSIBLE
448_1	IMPLAUSIBLE
448_2	PLAUSIBLE
448_3	PLAUSIBLE
448_4	PLAUSIBLE
448_5	IMPLAUSIBLE
449_1	IMPLAUSIBLE
449_2	NEUTRAL
449_3	IMPLAUSIBLE
449_4	IMPLAUSIBLE
449_5	PLAUSIBLE
450_1	PLAUSIBLE
450_2	PLAUSIBLE
450_3	IMPLAUSIBLE
450_4	PLAUSIBLE
450_5	PLAUSIBLE
451_1	NEUTRAL
451_2	PLAUSIBLE
451_3	IMPLAUSIBLE
451_4	IMPLAUSIBLE
451_5	PLAUSIBLE
452_1	IMPLAUSIBLE
452_2	PLAUSIBLE
452_3	IMPLAUSIBLE
452_4	PLAUSIBLE
452_5	IMPLAUSIBLE
453_1	PLAUSIBLE
453_2	NEUTRAL
453_3	IMPLAUSIBLE
453_4	NEUTRAL
453_5	NEUTRAL
454_1	PLAUSIBLE
454_2	PLAUSIBLE
454_3	PLAUSIBLE
454_4	PLAUSIBLE
454_5	IMPLAUSIBLE
455_1	PLAUSIBLE
455_2	PLAUSIBLE
455_3	PLAUSIBLE
455_4	NEUTRAL
455_5	PLAUSIBLE
456_1	PLAUSIBLE
456_2	NEUTRAL
456_3	NEUTRAL
456_4	IMPLAUSIBLE
456_5	PLAUSIBLE
457_1	IMPLAUSIBLE
457_2	NEUTRAL
457_3	PLAUSIBLE
457_4	IMPLAUSIBLE
457_5	IMPLAUSIBLE
458_1	NEUTRAL
458_2	IMPLAUSIBLE
458_3	PLAUSIBLE
458_4	IMPLAUSIBLE
458_5	IMPLAUSIBLE
459_1	PLAUSIBLE
459_2	NEUTRAL
459_3	PLAUSIBLE
459_4	NEUTRAL
459_5	PLAUSIBLE
460_1	IMPLAUSIBLE
460_2	PLAUSIBLE
460_3	PLAUSIBLE
460_4	NEUTRAL
460_5	IMPLAUSIBLE
461_1	NEUTRAL
461_2	NEUTRAL
461_3	PLAUSIBLE
461_4	IMPLAUSIBLE
461_5	NEUTRAL
462_1	PLAUSIBLE
462_2	IMPLAUSIBLE
462_3	IMPLAUSIBLE
462_4	IMPLAUSIBLE
462_5	PLAUSIBLE
463_1	PLAUSIBLE
463_2	IMPLAUSIBLE
463_3	PLAUSIBLE
463_4	PLAUSIBLE
463_5	PLAUSIBLE
464_1	PLAUSIBLE
464_2	NEUTRAL
464_3	NEUTRAL
464_4	NEUTRAL
464_5	PLAUSIBLE
465_1	IMPLAUSIBLE
465_2	PLAUSIBLE
465_3	IMPLAUSIBLE
465_4	IMPLAUSIBLE
465_5	NEUTRAL
466_1	IMPLAUSIBLE
466_2	IMPLAUSIBLE
466_3	NEUTRAL
466_4	PLAUSIBLE
466_5	IMPLAUSIBLE
467_1	IMPLAUSIBLE
467_2	PLAUSIBLE
467_3	IMPLAUSIBLE
467_4	IMPLAUSIBLE
467_5	IMPLAUSIBLE
468_1	IMPLAUSIBLE
468_2	IMPLAUSIBLE
468_3	PLAUSIBLE
468_4	IMPLAUSIBLE
468_5	IMPLAUSIBLE
469_1	PLAUSIBLE
469_2	NEUTRAL
469_3	PLAUSIBLE
469_4	PLAUSIBLE
469_5	PLAUSIBLE
470_1	IMPLAUSIBLE
470_2	PLAUSIBLE
470_3	PLAUSIBLE
470_4	IMPLAUSIBLE
470_5	NEUTRAL
471_1	IMPLAUSIBLE
471_2	PLAUSIBLE
471_3	PLAUSIBLE
471_4	IMPLAUSIBLE
471_5	PLAUSIBLE
472_1	PLAUSIBLE
472_2	PLAUSIBLE
472_3	IMPLAUSIBLE
472_4	NEUTRAL
472_5	IMPLAUSIBLE
473_1	IMPLAUSIBLE
473_2	NEUTRAL
473_3	PLAUSIBLE
473_4	IMPLAUSIBLE
473_5	PLAUSIBLE
474_1	IMPLAUSIBLE
474_2	IMPLAUSIBLE
474_3	PLAUSIBLE
474_4	PLAUSIBLE
474_5	IMPLAUSIBLE
475_1	PLAUSIBLE
475_2	IMPLAUSIBLE
475_3	PLAUSIBLE
475_4	PLAUSIBLE
475_5	NEUTRAL
476_1	IMPLAUSIBLE
476_2	IMPLAUSIBLE
476_3	IMPLAUSIBLE
476_4	PLAUSIBLE
476_5	PLAUSIBLE
477_1	IMPLAUSIBLE
477_2	IMPLAUSIBLE
477_3	PLAUSIBLE
477_4	IMPLAUSIBLE
477_5	IMPLAUSIBLE
478_1	IMPLAUSIBLE
478_2	IMPLAUSIBLE
478_3	IMPLAUSIBLE
478_4	PLAUSIBLE
478_5	IMPLAUSIBLE
479_1	IMPLAUSIBLE
479_2	IMPLAUSIBLE
479_3	IMPLAUSIBLE
479_4	PLAUSIBLE
479_5	IMPLAUSIBLE
480_1	PLAUSIBLE
480_2	NEUTRAL
480_3	NEUTRAL
480_4	PLAUSIBLE
480_5	NEUTRAL
481_1	PLAUSIBLE
481_2	PLAUSIBLE
481_3	IMPLAUSIBLE
481_4	IMPLAUSIBLE
481_5	PLAUSIBLE
482_1	NEUTRAL
482_2	IMPLAUSIBLE
482_3	PLAUSIBLE
482_4	PLAUSIBLE
482_5	PLAUSIBLE
483_1	NEUTRAL
483_2	PLAUSIBLE
483_3	PLAUSIBLE
483_4	NEUTRAL
483_5	PLAUSIBLE
484_1	PLAUSIBLE
484_2	IMPLAUSIBLE
484_3	NEUTRAL
484_4	PLAUSIBLE
484_5	PLAUSIBLE
485_1	PLAUSIBLE
485_2	PLAUSIBLE
485_3	PLAUSIBLE
485_4	PLAUSIBLE
485_5	IMPLAUSIBLE
486_1	PLAUSIBLE
486_2	IMPLAUSIBLE
486_3	NEUTRAL
486_4	PLAUSIBLE
486_5	PLAUSIBLE
487_1	PLAUSIBLE
487_2	IMPLAUSIBLE
487_3	NEUTRAL
487_4	IMPLAUSIBLE
487_5	IMPLAUSIBLE
488_1	PLAUSIBLE
488_2	PLAUSIBLE
488_3	IMPLAUSIBLE
488_4	PLAUSIBLE
488_5	IMPLAUSIBLE
489_1	PLAUSIBLE
489_2	IMPLAUSIBLE
489_3	IMPLAUSIBLE
489_4	PLAUSIBLE
489_5	NEUTRAL
490_1	PLAUSIBLE
490_2	PLAUSIBLE
490_3	PLAUSIBLE
490_4	PLAUSIBLE
490_5	NEUTRAL
491_1	PLAUSIBLE
491_2	IMPLAUSIBLE
491_3	NEUTRAL
491_4	PLAUSIBLE
491_5	IMPLAUSIBLE
492_1	PLAUSIBLE
492_2	IMPLAUSIBLE
492_3	IMPLAUSIBLE
492_4	NEUTRAL
492_5	IMPLAUSIBLE
493_1	IMPLAUSIBLE
493_2	PLAUSIBLE
493_3	PLAUSIBLE
493_4	IMPLAUSIBLE
493_5	IMPLAUSIBLE
494_1	IMPLAUSIBLE
494_2	NEUTRAL
494_3	IMPLAUSIBLE
494_4	PLAUSIBLE
494_5	PLAUSIBLE
495_1	IMPLAUSIBLE
495_2	IMPLAUSIBLE
495_3	PLAUSIBLE
495_4	IMPLAUSIBLE
495_5	IMPLAUSIBLE
496_1	IMPLAUSIBLE
496_2	IMPLAUSIBLE
496_3	IMPLAUSIBLE
496_4	PLAUSIBLE
496_5	PLAUSIBLE
497_1	PLAUSIBLE
497_2	PLAUSIBLE
497_3	IMPLAUSIBLE
497_4	NEUTRAL
497_5	IMPLAUSIBLE
498_1	PLAUSIBLE
498_2	NEUTRAL
498_3	IMPLAUSIBLE
498_4	PLAUSIBLE
498_5	NEUTRAL
499_1	IMPLAUSIBLE
499_2	IMPLAUSIBLE
499_3	IMPLAUSIBLE
499_4	IMPLAUSIBLE
499_5	IMPLAUSIBLE
